{
  "inputMax": [
    9,
    5,
    69.4068603515625
  ],
  "inputMin": [
    0,
    1,
    0.6283047795295715
  ]
}